{
    "providers": [
        {
            "type": "bitmap",
            "file": "minecraft:font/logo.png",
            "ascent": 0,
            "height": 30,
            "chars": [
                "\u03D8"
            ]
        },
        {
            "type": "bitmap",
            "file": "minecraft:font/vk.png",
            "ascent": 9,
            "height": 11,
            "chars": [
                "\u00DB"
            ]
        },
        {
            "type": "bitmap",
            "file": "minecraft:font/discord.png",
            "ascent": 10,
            "height": 11,
            "chars": [
                "\u00DD"
            ]
        },
        {
            "type": "bitmap",
            "file": "minecraft:font/world.png",
            "ascent": 9,
            "height": 10,
            "chars": [
                "\u0100"
            ]
        },
        {
            "type": "bitmap",
            "file": "minecraft:font/nether.png",
            "ascent": 9,
            "height": 10,
            "chars": [
                "\u0102"
            ]
        },
        {
            "type": "bitmap",
            "file": "minecraft:font/the_end.png",
            "ascent": 9,
            "height": 10,
            "chars": [
                "\u0106"
            ]
        },
        {
            "type": "bitmap",
            "file": "minecraft:font/error.png",
            "ascent": 9,
            "height": 10,
            "chars": [
                "\u0108"
            ]
        }
    ]
}